time (s),X (m),Y (m),Z (m),phi (rad),theta (rad),psi (rad),v_x (m/s),v_y (m/s),v_z (m/s),phi_dot (rad/s),theta_dot (rad/s),psi_dot (rad/s)
0.0,0.0,1.5777218104420236e-30,0.0,1.8713876083621893e-28,6.310887241768095e-30,-2.630820304032964e-29,1.5777218104420236e-30,-9.466330862652142e-30,0.0,7.625141835817944e-30,1.1432320149882632e-29,1.639350351438015e-29
0.05,3.366584424790638e-07,2.639417365918795e-07,0.0013025231365646416,-0.0001167031141796319,0.00014892653484102118,0.00040627257744641366,2.693070918514251e-05,2.1117846207696194e-05,0.05210092384367969,-0.0046676538001024104,0.00595682396227587,0.016250555823092875
0.1,5.298702810786748e-06,4.172788899763894e-06,0.005189175269184278,-0.00044557821117858744,0.0005602003539070697,0.0016129163551487228,0.00020862546838908513,0.00016500615666299653,0.1033651399464948,-0.008486100859107525,0.010493468207372318,0.03201443269580627
0.15000000000000002,2.583112493726912e-05,2.055289692195971e-05,0.011611962145853723,-0.0009461479564981915,0.0011662704281183503,0.003596124629731014,0.0006670425843639111,0.0005355992783394675,0.15354625659007604,-0.011534914285470871,0.013748338164322587,0.04731303929001918
0.2,7.80472414585862e-05,6.290112156453136e-05,0.020510789259237883,-0.0015818307458736977,0.0019063421183511224,0.0063330506185365195,0.001487529881936495,0.001216175321665077,0.2024066535201817,-0.013890305293404159,0.015853268986874728,0.06216325131787626
0.25,0.00018148403991469493,0.00014840700780268033,0.031813963421097755,-0.0023197738544586655,0.0027260431184044608,0.009801596209744355,0.002722264892344373,0.00227150720484242,0.24972001375399253,-0.015625179666896975,0.01693330794522682,0.07657805155191161
0.30000000000000004,0.00035753140390809926,0.0002970765363616076,0.04543880503480188,-0.0031306868658354933,0.00357708111224636,0.013980231339614244,0.00439376107619505,0.003749781240933116,0.2952732137560828,-0.016809091602712937,0.01710659937078769,0.09056711210394973
0.35000000000000003,0.0006280369347040605,0.000530946685341096,0.06129234300829409,-0.003988671569999225,0.004416897825560955,0.0188478413627456,0.006498377963696611,0.005684317303429297,0.3388677345464926,-0.017508147733639047,0.01648435461066146,0.10413732899185167
0.4,0.0010140851590773484,0.000873381601437881,0.07927207083923585,-0.004871046618110441,0.005208323350610822,0.024383600098097362,0.009009780176769733,0.008095118288679103,0.38032069449396244,-0.01778489254354241,0.015170892387130331,0.11729331174487813
0.45,0.001534947355877179,0.0013484424410274214,0.09926674652997926,-0.005758166463660312,0.005919233950120165,0.03056686628167563,0.011882298006642443,0.010990271952632955,0.41946556783545885,-0.017698193677562094,0.013263737157349378,0.13003782731198357
0.5,0.0022071960653340566,0.0019803240009503807,0.12115722166791099,-0.006633234857185891,0.006522215969410718,0.0373771010880205,0.015054150057733915,0.014367224535290414,0.4561526317714343,-0.01730313816308305,0.010853764764619217,0.14237219632631726
0.55,0.003043976564867949,0.002792852151458897,0.1448172868641445,-0.007482113602280588,0.0069942379853733415,0.0447938042870374,0.01845049615363463,0.018213942540158762,0.4902491733820051,-0.016650946152663673,0.008025386026280888,0.154296639898389
0.6000000000000001,0.004054426191027765,0.0038090368355077095,0.17011452216516645,-0.008293127546793328,0.007316332881802753,0.052796466531671984,0.021986296057951642,0.022509976431087632,0.5216394818053842,-0.015788906214766703,0.004856760025578189,0.16581057595546933
0.65,0.00524323133963196,0.005050676029196722,0.19691114226649398,-0.009056866946777084,0.007473291153576589,0.061364535251887314,0.02556895646602417,0.02722743776210084,0.550224648661854,-0.014760334677296096,0.0014200298416155203,0.1769128653251603
0.7000000000000001,0.006610311260021268,0.006538006584545822,0.22506482749229814,-0.009765988443706623,0.007453366400684631,0.07047739167179326,0.02910075507451593,0.03233189932967833,0.5759221990076567,-0.013604560618248433,-0.002218425686424203,0.18760200902582447
0.75,0.008150617344977833,0.00828939831341897,0.25442953262324164,-0.010415015961288337,0.00724799367284177,0.08011433656985276,0.032481036256113274,0.03778322631239485,0.5986655751619655,-0.012356937521790172,-0.005997729774603059,0.1978762994193249
0.8,0.009854036472267512,0.010321088035026342,0.28485626677936904,-0.011000142869336703,0.006851521063282183,0.09025458256090876,0.03560817789704488,0.04353634502553799,0.6184034959656269,-0.011048882209481529,-0.009862239965022428,0.20773392891088752
0.8500000000000001,0.011705387041457365,0.012646950612978318,0.3161938386954523,-0.011519036784530408,0.00626095472401798,0.10087725088395422,0.03838133325807494,0.04954195485157507,0.6350992140740235,-0.009707941315066101,-0.01376127903159273,0.21717306070010828
0.9,0.013684496633845786,0.015278304264342627,0.34828956285049,-0.011970648383315722,0.005475717282408985,0.11196137092014127,0.04070195527943001,0.055747188089104414,0.6487296936097197,-0.008357885240394098,-0.017648868040866753,0.22619186667964047
0.9500000000000001,0.01576635066698774,0.018223747644321404,0.38098992301424256,-0.012355025590617217,0.004497419478500238,0.12348588093020649,0.04247511357320905,0.0620962218653255,0.6592847298678021,-0.007018829181715782,-0.0214834644652602,0.23478853794712318
1.0,0.017921301982204367,0.021489026406247773,0.41414119083473766,-0.012673134478270098,0.0033296447123614056,0.13542962877845532,0.043610616459933055,0.06853084584704539,0.6667660318067689,-0.0057073804414693756,-0.025227707661947648,0.24296127355690897
1.05,0.02011533195921848,0.02507692711608251,0.4475899980967858,-0.01292668815804511,0.0019777460885925936,0.1477713716918347,0.044023951853359215,0.07499098922605772,0.6711862868299986,-0.004436810845545535,-0.02884817348864158,0.2507082531135231
1.1,0.02231035446481924,0.028987196570057976,0.48118386222107573,-0.01311798488507501,0.00044865546905997983,0.16048977437876927,0.04363706163810925,0.08141521030774217,0.6725682259351788,-0.0032172526825131535,-0.03231513933080386,0.25802759862428254
1.1500000000000001,0.024464554683596706,0.0332164847282196,0.5147716654380048,-0.013249756498420827,-0.0012492960075558726,0.17356340509599735,0.04237896448733005,0.08774115195834387,0.6709437057445584,-0.0020559161859621776,-0.03560236036664341,0.26491733071081075
1.2000000000000002,0.026532755623317965,0.037758309638114676,0.5482040888545106,-0.013325028217286747,-0.0031065465121556507,0.18697072949660226,0.040186241909010066,0.09390596612992719,0.6663528222782604,-0.0009573262110678298,-0.03868685749872144,0.27137532385444507
1.25,0.0284668058143884,0.042603042882785054,0.5813340033324446,-0.013346990685663612,-0.005112461803078694,0.2006901023140437,0.03700340177021957,0.09984671064938194,0.6588430696322887,7.642457297524616e-05,-0.04154871703525361,0.27739926484345495
1.3,0.03021598241506197,0.04773791424500992,0.6140168197115424,-0.013318885017291723,-0.007255483777713541,0.21469975713170264,0.032783132710101935,0.10550072140102253,0.648468554994377,0.001045408929895868,-0.044170901910257625,0.2829866180233734
1.35,0.03172740457869631,0.053147034433637934,0.6461108014377045,-0.013243901439615296,-0.009523269863501545,0.22897779465279838,0.02748646179531043,0.11080596292925958,0.6352892796850664,0.001951587914426035,-0.04653907398845752,0.288134600346292
1.4000000000000001,0.03294645252739448,0.058811434865130366,0.6774773430973046,-0.013125091972967046,-0.011902823786380778,0.24350217002003458,0.02108282657277811,0.11570136032329752,0.6193704941509655,0.0027985266658308266,-0.04864142680627036,0.29284016858922784
1.4500000000000002,0.03381718830256307,0.06470912363080851,0.7079812187098616,-0.012965297412765914,-0.01438061821854526,0.25825067983738753,0.013550071406077568,0.12012711501166229,0.6007821330606825,0.003591106550067195,-0.050468527951466,0.2971000204821293
1.5,0.03428277462540014,0.07081515690422754,0.7374908038937732,-0.012767088711134661,-0.01694270976485096,0.27320094961823366,0.004874376708322105,0.12402500678946465,0.5795983348596253,0.0043352370922949,-0.05201317017786549,0.3009106108672705
1.55,0.034285888700322446,0.07710172515016298,0.7658782761920814,-0.012532722682923983,-0.01957484670031796,0.2883304224253865,-0.004949871536269387,0.12733868403116252,0.5558970483289077,0.005037571115198816,-0.05327023028407748,0.30426818341642825
1.6,0.033769128135694104,0.08353825358389881,0.7930197979267444,-0.01226411179223665,-0.022262569821805606,0.3036163494810285,-0.015920265690318174,0.13001394361764115,0.5297597268724046,0.005705226424195114,-0.05423653475300887,0.30716881787142986
1.6500000000000001,0.032675406444932255,0.09009151639455028,0.8187956859404277,-0.011962807611408359,-0.024991306726736443,0.31903578350995215,-0.028026608530573517,0.13199900164505582,0.5012711094377522,0.006345517265019762,-0.054910731148053844,0.30960849225697334
1.7000000000000002,0.030948335834781054,0.09672576428765571,0.8430905724850857,-0.011629997386915614,-0.027746459782199494,0.3345655755403847,-0.04125118898984415,0.13324475550418827,0.4705190851824481,0.006965698628887981,-0.055293164288991024,0.31158315905024875
1.75,0.028532595195015643,0.10340286491991588,0.8657935613284267,-0.011266512997443008,-0.030513488000191623,0.3501823758257489,-0.05556909773146906,0.13370503744550277,0.4375946372526903,0.007572726300769367,-0.05538575628252588,0.3130888338866656
1.8,0.025374281384373847,0.11008245579357741,0.8867983828761449,-0.010872851449713967,-0.03327798299032555,0.3658626394711164,-0.07094857915807089,0.13333685929995823,0.402591859383624,0.00817303534141234,-0.05519188955625719,0.31412169504048526
1.85,0.021421242070463475,0.11672210915153457,0.9060035517547081,-0.01044920592886557,-0.036025739121078065,0.38158263725317865,-0.08735141671595291,0.13210064763156584,0.3656080374925406,0.008772339466190314,-0.054716292138085924,0.31467819164759664
1.9000000000000001,0.016623388535636198,0.12327750836982601,0.9233125298735789,-0.00999550630322682,-0.03874281798548605,0.3973184720158256,-0.10473334844594748,0.12996046827515514,0.3267437870601867,0.009375453534935527,-0.05396492453345046,0.31475515843792945
1.9500000000000002,0.010932987014323294,0.1297026352858356,0.9386338974959979,-0.009511467879400682,-0.04141560723792619,0.4130461009085062,-0.12304450967315993,0.12688423897877837,0.28610323591759435,0.009986141096926764,-0.05294486767816685,0.3143499346184731
2.0,0.004304927286773889,0.13594996783290952,0.9518815343046696,-0.008996647113617307,-0.04403087384593886,0.42874136361511456,-0.14222989955090085,0.12284392873693759,0.24379424111095288,0.01060698864371563,-0.05166421158306036,0.3134604844943753
2.0500000000000003,-0.003303032575369951,0.14197068728049372,0.9629748118651829,-0.00845050291050895,-0.04657581178557853,0.44438001660080934,-0.16222986791192362,0.11781574237509441,0.19992862783315027,0.011239307908916942,-0.05013194443592782,0.3120855174332735
2.1,-0.01193004623133396,0.1477148943086797,0.9718387982793564,-0.007872462081869197,-0.049038084200985384,0.4599377732863999,-0.18298061856921718,0.11178028902837653,0.15462243800766595,0.01188306721814851,-0.0483578420844633,0.31022460486317993
2.15,-0.02161198458016644,0.15313183308251033,0.9784044751971893,-0.0072619874967120015,-0.051405860049152145,0.47539034994797064,-0.20441472488571283,0.10472273334241589,0.10799617599874946,0.012536852534377453,-0.046352357988140296,0.3078782921413871
2.2,-0.03238126725877732,0.15817012243938722,0.9826089667343048,-0.006618647431105153,-0.05366784525945157,0.4907135170361735,-0.22646165313212727,0.09663292850021166,0.060175039100936474,0.013197858465490367,-0.044126513894877976,0.3050482033335779
2.25,-0.044266720401243326,0.16277799326657807,0.9843957792359342,-0.005942184622777347,-0.05581330845448757,0.5058831555176136,-0.24904828890565964,0.08750553052873478,0.011289120919867127,0.01386190910473569,-0.04169179166642959,0.3017371371894574
2.3000000000000003,-0.05729346069093209,0.16690353112830922,0.9837150502520915,-0.005232583552172223,-0.057832101304160825,0.5208753177619825,-0.272099461714638,0.07734009374112887,-0.0385264235261674,0.014523508165019995,-0.03906002684121133,0.29794915288298246
2.35,-0.07148280549036057,0.1704949232052578,0.980523804553773,-0.0044901345089833474,-0.0597146736182308,0.5356662924344925,-0.2955384627638236,0.06614114759998029,-0.08913126120876323,0.015175917450518025,-0.03624330468070752,0.2936896443895611
2.4000000000000004,-0.08685220858619833,0.1735007086341408,0.9747862145372868,-0.003715493061473668,-0.0614520833236311,0.5502326728045495,-0.3192875510126171,0.053918255717513436,-0.14037982208418223,0.01581126229059672,-0.033253859591236855,0.2889654026864036
2.45,-0.10341522084393201,0.17587003138090432,0.9664738619416371,-0.0029097336249127395,-0.06303600152064721,0.5645514278485922,-0.3432684427266565,0.04068605811260093,-0.19212130548345618,0.01642066214955756,-0.03010397894200588,0.28378466527210255
2.5,-0.1211814748338544,0.17755289484578365,0.9555659974485557,-0.0020743959246942974,-0.06445871286584406,0.5785999755071243,-0.36740277999752097,0.026464298196113217,-0.24419975831247512,0.016994384229709315,-0.02680591240806497,0.27815715279423586
2.5500000000000003,-0.1401566922722546,0.17850041747901535,0.942049794450325,-0.0012115232681322253,-0.06571311158813495,0.5923562574519766,-0.3916125740539937,0.011277836231730787,-0.2964542300301663,0.01752201751352306,-0.02337178804794608,0.2720940928368966
2.6,-0.16034271292328026,0.17866508877794107,0.9259205930587895,-0.0003236916751497878,-0.06679269350616135,0.6057988147280334,-0.41582061961476074,-0.004843348801161395,-0.34871900791123633,0.017992664351583122,-0.019813536375391655,0.26560823114263826
2.6500000000000004,-0.18173754343129464,0.1780010251344398,0.9071821302896995,0.0005859709297579409,-0.06769154447850546,0.618906863651757,-0.4399508770158423,-0.021864166948088588,-0.400823934662073,0.01839514640453165,-0.01614282369787846,0.25871383071661475
2.7,-0.20433542440295074,0.17646422510021004,0.8858467522877371,0.001513776095992812,-0.06840432578125746,0.63166037137427,-0.4639288193637947,-0.03974443268365226,-0.4525948090772555,0.01871822149596097,-0.012370995967214688,0.2514266593787015
2.75,-0.22812691393379655,0.17401282373014215,0.8619356044557679,0.002455477250293711,-0.06892625696797688,0.6440401305466309,-0.4876817424949137,-0.05843888622113276,-0.5038538691257762,0.018950807734639787,-0.008509034315606468,0.24376396638931994
2.8000000000000003,-0.25309898567605255,0.17060734574450262,0.8354787954124173,0.0034062833940101712,-0.06925309682282656,0.6560278325563955,-0.5111390360400223,-0.07789721927838884,-0.554420355659064,0.01908221112244629,-0.004567523331395784,0.23574444877732895
2.85,-0.2792351394713174,0.1662109573126598,0.8065155308196508,0.00436088417176896,-0.06938112306620967,0.6676061388348317,-0.5342324143858093,-0.09806410428154656,-0.604111153848272,0.019102352781230663,-0.0005566329604543988,0.22738820794809053
2.9000000000000004,-0.3065155225226115,0.16078971629878155,0.7750942132909187,0.005313486195132654,-0.06930711151114696,0.6787587497607867,-0.5568961067733579,-0.11887922652995522,-0.6527415084900685,0.01900199190834295,0.003513885298307389,0.21871669705461394
2.95,-0.3349170590520578,0.15431282081810913,0.7412725048048274,0.006257860311204128,-0.06902831539545966,0.6894704707082251,-0.5790670061740525,-0.14027731948459116,-0.7001258084662874,0.01877294060621351,0.007634687500315109,0.2097526594856238
3.0,-0.364413586381054,0.14675285592667428,0.7051173483036962,0.007187399315720778,-0.06854244562726124,0.6997272747985115,-0.6006847769298663,-0.16218820405910472,-0.746078434896268,0.018408266824582915,0.011796811572658761,0.20052005867516323
3.0500000000000003,-0.3949759953764301,0.1380860382042845,0.6667049454456098,0.008095185425828355,-0.0678476526772117,0.7095163619249608,-0.6216919214423515,-0.18453683356642472,-0.7904146668710859,0.01790248180242088,0.0159916370977107,0.19104399928435892
3.1,-0.4265723732265716,0.12829245788801838,0.6261206877981913,0.008974066652119738,-0.06694251082868248,0.7188262136162085,-0.6420338064512793,-0.20724334677998713,-0.8329516380935997,0.01725170859751916,0.020210831200138987,0.18135063966344975
3.1500000000000004,-0.4591681465440966,0.11735631807037257,0.5834590391083727,0.009816741045221998,-0.06582600545509337,0.7276466432975143,-0.6616586496733612,-0.23022313238081427,-0.8735093372540929,0.016453828542345495,0.02444628157671994,0.17146709538700483
3.2,-0.4927262228354976,0.10526617029297702,0.5388233666517169,0.010615847641627561,-0.06449752393144129,0.735968841496948,-0.6805174677911179,-0.25338690885169646,-0.9119116445355163,0.01550860276227267,0.028690018119988683,0.16142133358186067
3.25,-0.5272071284331821,0.09201514564527785,0.4923257200547091,0.011364062798873252,-0.06295685070433032,0.7437854155288962,-0.6985639870114,-0.27664082461820805,-0.9479873962536335,0.014417766234261224,0.03293412499355018,0.15124205774757102
3.3000000000000003,-0.5625691410525826,0.07760118022110224,0.444086556391759,0.012054200493735266,-0.06120416694227045,0.7510904231733746,-0.715754517672707,-0.29988658389296824,-0.9815714692864861,0.013185092248206891,0.03717064540302535,0.1409585828114278
3.35,-0.5987684152184582,0.062027233499413956,0.394234410783737,0.012679315060878582,-0.059240055067087925,0.757879399859433,-0.7320477946898157,-0.3230216042238167,-1.0125058766276929,0.01181642555730611,0.041391481655282336,0.13060070026841472
3.4000000000000004,-0.6357590989030976,0.04530149790522014,0.34290551216526044,0.01323280477531297,-0.057065508330285994,0.764149378857795,-0.747404786000093,-0.3459392121480105,-1.0406408651048478,0.01031968296558893,0.045588293392646285,0.12019853343003423
3.45,-0.6734934398385071,0.027437597480374,0.2902433443423891,0.013708514631870446,-0.05468194544825575,0.7698989039948977,-0.7617884716306185,-0.3685288835836456,-1.0658360060356582,0.008704820597332895,0.049752397111562735,0.10978238303907059
3.5,-0.7119218801089515,0.008454773261249729,0.23639815292965058,0.014100836650368763,-0.05209123015130304,0.7751280344204087,-0.7751635965452643,-0.3906765356185,-1.0879612693505394,0.006983767620526339,0.05387467021160023,0.09938256378953007
3.5500000000000003,-0.7509931378036667,-0.011621947368420055,0.18152639923413033,0.014404806037571483,-0.049295695338161874,0.7798383409951996,-0.7874964010552304,-0.41226487616034135,-1.1068980714929428,0.005170326749603567,0.05794546285814904,0.08902923260756443
3.6,-0.7906542747161999,-0.03276160039405858,0.12579016264333792,0.014616191567598209,-0.04629817136517846,0.7840328939178927,-0.7987543332760011,-0.43317381747030204,-1.1225402872209798,0.003280042424215467,0.061954520871685397,0.07875220988221769
3.6500000000000004,-0.8308507493199707,-0.05492715728481931,0.06935649357110843,0.014731578601772963,-0.04310201784318847,0.7877162412758235,-0.8089057488702165,-0.4532809588962069,-1.134795215280493,0.0013300381416313548,0.06589092267346358,0.06858079516439314
3.7,-0.8715264545314961,-0.0780754230771386,0.01239671952006623,0.01474844325720545,-0.03971115817088268,0.7908943782898592,-0.8179196041027308,-0.47246214314626245,-1.1435844878065036,-0.0006611750009075763,0.06974303302260493,0.058543579157981925
3.75,-0.9126237400939325,-0.10215696418475378,-0.04491429267201352,0.014665216350239265,-0.03613011590660711,0.7935747071203019,-0.825765149016147,-0.49059208919364733,-1.1488449132443508,-0.0026739159344319327,0.07349847587902128,0.04866825408903299
3.8000000000000003,-0.9540834197728836,-0.12711606981008666,-0.10239891482387309,0.014481335885116665,-0.03236405197605646,0.7957659872104621,-0.832411628270428,-0.5075451033867495,-1.1505292425732256,-0.004687574265314775,0.07714412823243894,0.038981424740031884
3.85,-0.9958447639502982,-0.15289075086725754,-0.1598775715528635,0.014197287027855806,-0.02841880163544763,0.7974782762620384,-0.837827997831745,-0.5231958685757268,-1.1486068486748582,-0.00668087030426603,0.08066613616739643,0.02950842256345789
3.9000000000000004,-1.0378454786247961,-0.17941278026857402,-0.2171695859753209,0.013814628697641758,-0.024300910061765855,0.7987228620582494,-0.8419826661937633,-0.5374203090823354,-1.1430643088334502,-0.008632130419087752,0.0840499538096063,0.02027312533335068
3.95,-1.0800216722694858,-0.20660777826411053,-0.27409405187816305,0.013336006119406933,-0.02001766542562753,0.7995121854725438,-0.8448432691194389,-0.5500965271765621,-1.1339058805970876,-0.010519573311678946,0.08728040514619921,0.01129778475277097
4.0,-1.1223078124504284,-0.23439534625021555,-0.3304707267948864,0.012765148907370346,-0.015577128318932218,0.7998597551184534,-0.8463764869566578,-0.5611058044317611,-1.1211538615965275,-0.01232160257264186,0.09034176805889842,0.00260286431174986
4.05,-1.1646366745573546,-0.26268925207255106,-0.3861209399612285,0.012106854485124083,-0.010988156458113916,0.7997800542058358,-0.8465479133667182,-0.5703336589716486,-1.104848824427611,-0.014017100725385383,0.09321787928322219,-0.0057931105068282866
4.1000000000000005,-1.2069392854282597,-0.2913976693410055,-0.44086850869754957,0.011366956887924946,-0.006260423662411682,0.7992884402670422,-0.8453219837802998,-0.5776709472689231,-1.0850497183832992,-0.015585719943497717,0.09589225843498933,-0.013873687833467166
4.15,-1.2491448650451027,-0.3204234726497243,-0.4945406563755987,0.010552281231427332,-0.0014044322118789648,0.7984010385008453,-0.8426619710431368,-0.583014996885236,-1.061833830695132,-0.01700816471339699,0.09834824875093356,-0.021624609290974907
4.2,-1.2911807698224795,-0.3496645898618242,-0.5469689247870295,0.009670584362413609,0.0035684821824838275,0.7971346295506312,-0.8385300545297009,-0.5862707544394669,-1.0352966010340607,-0.018266461916733326,0.10056917179138875,-0.02903391293026236
4.25,-1.3329724412884987,-0.3790144117856205,-0.5979900734511259,0.008730482425613879,0.008646153419139414,0.7955065325857708,-0.8328874675006055,-0.5873519312413791,-1.0055512843446286,-0.019344214116225944,0.10253849306180633,-0.036092018333317655
4.3,-1.3744433641519616,-0.40836225865214176,-0.6474469581916258,0.00774136628143411,0.013815596522909906,0.7935344845916334,-0.8256947256878915,-0.5861821275146237,-0.9727284586541036,-0.02022683223190918,0.10423999533138492,-0.04279179330211416
4.3500000000000005,-1.4155150378489603,-0.43759390182117663,-0.6951893811895046,0.00671330588805541,0.01906302794139665,0.7912365167957212,-0.8169119380581705,-0.5826959150350105,-0.9369753763086425,-0.020901744274852037,0.10565795635928998,-0.049128601825183534
4.4,-1.456106965654548,-0.46659213811758954,-0.7410749046918995,0.005656944914610336,0.02437389476019569,0.7886308291670412,-0.8064991984885007,-0.5768398573955701,-0.8984551591281938,-0.021358577341279467,0.10677732777319376,-0.05510033323666432
4.45,-1.4961366653240096,-0.49523741315677045,-0.7849696206378088,0.004583386977783385,0.029732912816313104,0.7857356639258618,-0.7944170547686146,-0.568573447034139,-0.8573458402121479,-0.02158931063811646,0.10758391196704858,-0.06070741264585381
4.5,-1.5355197049902345,-0.5234084889857724,-0.8267488686577164,0.0035040749912272386,0.03512411353716885,0.7825691789945133,-0.7806270490003446,-0.5578699386596712,-0.8138392575248059,-0.021588397886614322,0.10806453407709178,-0.06595279281373126
4.55,-1.574169767689971,-0.5509831503742597,-0.8662978952232566,0.0024306651858646278,0.04053089919141782,0.7791493223101764,-0.7650923211914005,-0.5447170598075843,-0.7681398068846027,-0.021352858009650835,0.10820720633707255,-0.07084192768696962
4.6000000000000005,-1.611998747428078,-0.577838943166444,-0.9035124471675314,0.0013748974008525692,0.045936106109518315,0.7754937079106972,-0.747778265728043,-0.5291175809370452,-0.7204630645014949,-0.020882333528259613,0.10800128238565039,-0.07538272777517144
4.65,-1.6489168791255766,-0.603853937280505,-0.9382992933659327,0.0003484632621426134,0.051322075317598886,0.771619494697088,-0.7286532285483678,-0.5110897297255147,-0.6710342916708857,-0.0201791165551982,0.10743759938292873,-0.07958549748377576
4.7,-1.6848329041489016,-0.6289075062423181,-0.9705766690562848,-0.0006371261385843343,0.056670729927967234,0.7675432687735768,-0.7076892313054068,-0.49066743696603765,-0.6200868365520156,-0.019248142664023797,0.10650860607487088,-0.08346285440767713
4.75,-1.7196542724024777,-0.6528811145892284,-1.0002746380763474,-0.0015706714735135973,0.061963658543224144,0.7632809302691095,-0.6848627076750993,-0.46790040465668437,-0.5678604500457903,-0.018096953223291863,0.10520847521440298,-0.08702963046668181
4.800000000000001,-1.753287381205925,-0.6756591040965156,-1.027335369192497,-0.0024414137609278306,0.06718220385770343,0.7588475855534275,-0.6601552362799488,-0.44285399039613665,-0.5145995345586709,-0.016735627015906727,0.10353319900213014,-0.0903027546432987
4.8500000000000005,-1.7856378503941404,-0.6971294695784398,-1.051713323668124,-0.003239158788999206,0.07230755557908265,0.7542574457755256,-0.6335542544971638,-0.4156089059563711,-0.4605513458238152,-0.01517668211913347,0.10148066644873388,-0.09330111698694438
4.9,-1.8166108322976897,-0.7171846150060055,-1.0733753522532046,-0.003954395921075046,0.07732084674388211,0.749523732670714,-0.6050537377113175,-0.38626073177412185,-0.4059641688925335,-0.013434949113962286,0.09905072179062879,-0.0960454134973029
4.95,-1.8461113545068373,-0.7357220808674323,-1.0923007008445045,-0.004578409876935254,0.0822032524629176,0.744658592601894,-0.5746548293453713,-0.35491925296385624,-0.3510854898729174,-0.011527416742140603,0.09624520331878353,-0.09855797151297414
5.0,-1.8740446926185015,-0.7526452340712044,-1.1084809251447927,-0.005103384140998276,0.0869360901067792,0.7396730198173367,-0.5423664082284201,-0.3217076261837342,-0.29616018496545915,-0.009473051158826486,0.09306796221765729,-0.10086255532687985
5.050000000000001,-1.9003167695328131,-0.767863912245946,-1.121919715714871,-0.0055224947065740755,0.09150091992774163,0.7345767899167744,-0.5082055814826588,-0.28676139016614405,-0.2414287478382879,-0.007292589965079927,0.08952486126649548,-0.10298415194074712
5.1000000000000005,-1.924834577323052,-0.7812950150111325,-1.1326326358410386,-0.0058299929260326915,0.09587964511426217,0.7293784045149636,-0.47219809306841487,-0.250227335850922,-0.18712557543030076,-0.005008312274736465,0.08562375353616196,-0.10494873716613991
5.15,-1.947506617264226,-0.7928630356578465,-1.1406467756116876,-0.006021276302533985,0.10005461028875776,0.7240850480717526,-0.4343786403347375,-0.21226225474266874,-0.13347733092144412,-0.002643786200375767,0.08137444152498172,-0.10678302268188944
5.2,-1.9682433532818528,-0.8025005276654241,-1.14600032649204,-0.006092946133291324,0.10400869749010956,0.7187025578148077,-0.394791093295828,-0.17303158628257656,-0.08070140093351297,-0.00022359535465010138,0.07678861751568102,-0.10851418516361294
5.25,-1.9869576738795103,-0.8101485015608926,-1.1487420814911642,-0.006042851001675197,0.10772541873056987,0.7132354076106023,-0.35348861379880253,-0.13270798662916913,-0.029004462099931932,0.0022269537289457374,0.0718797862960448,-0.11016957919924027
5.300000000000001,-2.0035653575227874,-0.8157567487745188,-1.148930866719975,-0.005870115220783704,0.11118900428324292,0.7076867065368881,-0.31053367417503647,-0.09146984225180567,0.021418829948657216,0.004682140941540636,0.06666317175664827,-0.11177643637652895
5.3500000000000005,-2.017985536495304,-0.8192840903265984,-1.1466349107366027,-0.0055751514594504035,0.11438448594117272,0.7020582127725923,-0.26599797728984304,-0.04949975214708792,0.07038701831363536,0.007116155887622394,0.06115560924354456,-0.11336155364864828
5.4,-2.0301411543922856,-0.8206985493678817,-1.1419311585639105,-0.005159656937584838,0.11729777459148756,0.6963503632473111,-0.21996228204634888,-0.006983002302584642,0.11773288059184919,0.009503431701950085,0.055375425882164105,-0.11495097481979508
5.45,-2.0399594126680207,-0.8199774477598413,-1.1349045376440925,-0.004626592764788535,0.1199157315661681,0.690562319282447,-0.17251614029353354,0.03589394471633663,0.1633043161289056,0.011818985329597142,0.04934231137904825,-0.11656966970705873
5.5,-2.0473722019917453,-0.817107427994299,-1.1256471832710995,-0.003980146216371297,0.12222623336187587,0.6846920282116626,-0.12375755268344028,0.07894492344749382,0.20696508025179064,0.014038759531634519,0.043077182028519734,-0.11824121618660399
5.550000000000001,-2.052316514576064,-0.8120844027902355,-1.1142576312191292,-0.003225675994254954,0.12421822946091583,0.6787363006938818,-0.0737925522812506,0.12198548259841158,0.24859536286723916,0.016139961227141123,0.03660204078212202,-0.11998749087974306
5.6000000000000005,-2.0547348341056124,-0.8049134356476256,-1.1008399853719226,-0.002369640804550779,0.12588179312892397,0.6726909031337985,-0.022734725632074116,0.16483422773441767,0.28809221055376033,0.018101390199262005,0.029939836263727294,-0.12182837463698205
5.65,-2.0545755003930686,-0.7956085564661757,-1.085503068161029,-0.0014195118941243712,0.12720816520673592,0.6665506643109417,0.029295318477431914,0.20731407425766213,0.3253697928574867,0.01990375172906768,0.023114323522403318,-0.12378147919889611
5.7,-2.0517930464066727,-0.7841925170371911,-1.0683595615493138,-0.00038367051803910794,0.12818979104823308,0.6603095949986695,0.0821705221496485,0.2492533980127657,0.3603595149338649,0.021529946424489167,0.01614992910521254,-0.12586190142136244
5.75,-2.0463485058306246,-0.7706964917799365,-1.0495251461558712,0.0007287083510773086,0.1288203508769374,0.6539610190401818,0.13575798315142001,0.29048707366929566,0.39300997997692305,0.022965330425773357,0.009071622707641828,-0.12808201122761315
5.800000000000001,-2.038209689820753,-0.7551597295145075,-1.0291176459162026,0.0019077844233822909,0.12909478393632393,0.6474977140517529,0.18991958156324637,0.3308573939083762,0.4232868060692956,0.02419793932805063,0.0019047972328004768,-0.13045127897968029
5.8500000000000005,-2.0273514320881185,-0.737629162340377,-1.0072561854118212,0.0031431906308752545,0.12900930688763054,0.6409120596561343,0.24451261927948512,0.3702148652966407,0.4511723031948263,0.025218669588130613,-0.005324841418243775,-0.13297614724794934
5.9,-2.013755801870305,-0.7181589778265,-0.984060366689924,0.004424179539766101,0.12856142696091477,0.6341961909233469,0.29939046431149197,0.4084188794855956,0.4766650172044921,0.026021411884577156,-0.012591374067458487,-0.13565995101320252
5.95,-1.997412284723939,-0.6968101607220462,-0.9596494720289558,0.005739775118224524,0.12774995038819484,0.6273421545227653,0.354403192996005,0.44533826095463536,0.49977914853295563,0.02660313186956643,-0.019868757324868702,-0.1385028891868394
6.0,-1.978317931385119,-0.6736500102768963,-0.9341416986917062,0.007078927143678856,0.12657498664127867,0.6203420649787849,0.40939822448337304,0.48085169485616974,0.5205438544362975,0.02696389496365983,-0.027130902412866396,-0.1415020490199243
6.050000000000001,-1.9564774751921534,-0.6487516390313547,-0.9076534312456572,0.008430665401730254,0.12503794896253187,0.613188258379557,0.464220943219429,0.5148480405667027,0.5390024444606601,0.02710683326023505,-0.03435174470687277,-0.14465148353875523
6.1000000000000005,-1.9319034187453845,-0.6221934586109634,-0.8802985565226094,0.009784250771238814,0.12314155161717481,0.6058734409187846,0.5187153064864961,0.547226538255535,0.5552114797459209,0.027038054170656384,-0.04150530541981348,-0.14794234065046902
6.15,-1.9046160905925742,-0.5940586576624607,-0.8521878257388729,0.011129320313019067,0.12088980421494162,0.5983908297558702,0.5727244353811135,0.5778969171239147,0.5692397875982954,0.026766492088854118,-0.04856574723083811,-0.1513630410689926
6.2,-1.8746436727785916,-0.5644346766095586,-0.8234282677073805,0.012456023585184973,0.11828800335244721,0.5907342838581578,0.6260911888305132,0.6067794149272964,0.5811674035040939,0.026303706011934786,-0.05550742591475712,-0.15489950078391648
6.25,-1.8420222000903883,-0.5334126834113996,-0.7941226564493042,0.013755147595116616,0.11534272172152682,0.5828984227357168,0.6786587213441954,0.6338047189720386,0.5910844533727071,0.025663627645914167,-0.06230494015608556,-0.15853539249589813
6.300000000000001,-1.806795531769936,-0.5010870539910199,-0.7643690358620167,0.015018228061140912,0.11206179471965379,0.5748787312861773,0.730271026125629,0.6589138389898941,0.5990899892583187,0.024862265978673984,-0.06893318172713032,-0.16225243933050312
6.3500000000000005,-1.7690152963678698,-0.46755486048354394,-0.7342603034309978,0.016237644987648906,0.10845430449277267,0.5666716493238958,0.7807734659047351,0.68205792216679,0.6052907920873554,0.023917375548461968,-0.07536738807839642,-0.166030733268252
6.4,-1.7287408102792061,-0.43291536995016056,-0.703883854295302,0.01740670094374335,0.10453056124452409,0.5582746447613172,0.8300132943759554,0.7031980201758624,0.6098001549884576,0.022848096619381426,-0.08158319914456956,-0.16984907013110478
6.45,-1.6860389703504461,-0.39726955572796196,-0.6733212863002584,0.018519680863402395,0.10030208156410206,0.5496862698263335,0.8778401714302682,0.7223048173866868,0.6127366606679525,0.021674576153642617,-0.08755671982971643,-0.1736852926700995
6.5,-1.640984120785719,-0.3607196231486881,-0.6426481660085004,0.01957189263868272,0.09578156346200763,0.5409062001223116,0.9241066754527847,0.7393583285475658,0.6142229658905298,0.020417578819284802,-0.09326458922510081,-0.17751663331559053
6.550000000000001,-1.593657894419098,-0.3233685509697282,-0.6119338550025597,0.020559688240024333,0.09098285776161284,0.5319352567517954,0.9686688158297422,0.7543475732231415,0.6143846055166268,0.019098097285344166,-0.09868405715888595,-0.18132004847498584
6.6000000000000005,-1.5441490282710202,-0.28531964952391503,-0.5812413952100187,0.021480465552759086,0.08592093547623451,0.5227754121158241,1.0113865484869964,0.7672702331731568,0.613348827729901,0.017736970745936907,-0.10379306820648763,-0.18507253687223515
6.65,-1.4925531531779028,-0.24667613631341753,-0.5506274514254499,0.02233265155098377,0.0806118508064993,0.5134297803549137,1.0521242967904054,0.7781322977348204,0.6112434710844461,0.016354520009042882,-0.10857035282987852,-0.18875143528397384
6.7,-1.4389725571833962,-0.20754072954748434,-0.520142308700627,0.02311566782534066,0.07507269942006554,0.5039025937035849,1.0907514795058342,0.786947701170706,0.6081958928439711,0.014970206627598421,-0.11299552488740564,-0.19233468609313434
6.75,-1.3835159223134423,-0.16801525995168826,-0.4898299218324939,0.02382987982866284,0.06932157172307284,0.4941991662789816,1.1271430467752466,0.7937379549090919,0.6043319568112999,0.013602322493133279,-0.11704918438240962,-0.19580107229763546
6.800000000000001,-1.326298034330012,-0.1282003010535245,-0.45972801380197875,0.024476531494432754,0.0633775008969672,0.4843258470095426,1.161180024249463,0.7985317766684568,0.5997750874965039,0.012267715115479113,-0.12071302401405087,-0.19913041692023617
6.8500000000000005,-1.2674394650729706,-0.08819481807007813,-0.4298682197087457,0.02505766711216978,0.05726040555193171,0.474289963528797,1.192750064661384,0.8013647176477785,0.5946453960864027,0.010981552538287732,-0.12396993786701406,-0.2023037451053954
6.9,-1.207066227057166,-0.048095835481322555,-0.40027627250818976,0.02557604250888245,0.05099102693501221,0.4640997589120412,1.221748005257879,0.8022787882956034,0.5890588822960021,0.00975713054982289,-0.1268041304327339,-0.2053034085019291
6.95,-1.1453094000922912,-0.00799812336016367,-0.3709722266863798,0.026035027687169206,0.04459086072303155,0.453764323122614,1.2480764286632673,0.80132208265124,0.5831267148388976,0.008605723597128061,-0.12920122409321416,-0.20811317276368585
7.0,-1.0823047298346726,0.03200609745986471,-0.34197071590354977,0.026438503111576587,0.0380820835235161,0.4432935209648052,1.2716462239476327,0.7985484008809477,0.5769545919788506,0.007536479646587037,-0.13114836321492981,-0.21071827010952304
7.050000000000001,-1.0181921983600486,0.07182743127362502,-0.3132812405931086,0.02679075182068841,0.03148747429740821,0.43269791821925635,1.2923771439400986,0.7940168694042169,0.5706421824427244,0.0065563581924084745,-0.13263431308685109,-0.21310541983325304
7.1000000000000005,-0.9531155670609192,0.11137956431169171,-0.2849084815159047,0.027096349479975492,0.02483033100205479,0.4219887074726524,1.3101983541769788,0.7877915579086672,0.5642826459033234,0.005670109722902869,-0.13364955208295043,-0.21526282041911804
7.15,-0.8872218924166806,0.15057950229284084,-0.2568526353328456,0.02736005438755893,0.018134382829152793,0.4111776349561596,1.325048968319471,0.7799410925715066,0.5579622312906564,0.00488029422746412,-0.13418635562371675,-0.21718011748453503
7.2,-0.8206610154545736,0.18934778851737757,-0.22910976836672084,0.027586699310080353,0.011423698477917642,0.4002769294865004,1.336878564423123,0.7705382649232937,0.55175995036704,0.004187335769071523,-0.13423887074056914,-0.21884835213518067
7.25,-0.7535850260092116,0.2276087022736684,-0.2016721848698578,0.02778108686714372,0.004722590957274892,0.3892992343698023,1.3456476760961558,0.7596596359870946,0.5457473233055166,0.003589609752483674,-0.1338031802990827,-0.22025989448280922
7.300000000000001,-0.6861477031927026,0.2652904373183694,-0.17452880629178402,0.027947890008139863,-0.0019444805484790087,0.3782575428910154,1.3513282523473467,0.7473851355839929,0.5399881924383757,0.0030835592738425277,-0.1328773561997821,-0.22140836705588207
7.3500000000000005,-0.6185039338007169,0.3023252601929477,-0.14766555824438385,0.028091558941715212,-0.008553011188617751,0.3671651377796037,1.3539040797957649,0.7337976569957927,0.5345385998863605,0.0026638368239549665,-0.13146150113832025,-0.22228856264535976
7.4,-0.5508091106969445,0.33864964815684545,-0.12106576208550589,0.028216235691671594,-0.015078552753061561,0.3560355348231875,1.353371160891749,0.7189826475002463,0.5294467244307125,0.0023234676120409544,-0.12955777876111693,-0.22289636079524738
7.45,-0.4832185135340428,0.3742044065518554,-0.09471052828043926,0.02832567726845426,-0.021496817198906105,0.3448824306014823,1.3497380418773155,0.7030276956273397,0.5247528727401756,0.0020540308543849323,-0.12717043229072042,-0.22322864669460082
7.5,-0.41588667447843075,0.40893476546305013,-0.06857914894943773,0.028423188266128684,-0.02778378082688349,0.3337196541386008,1.3430260843900683,0.6860221163128373,0.5204895199041754,0.0018458555083071201,-0.12430579191184632,-0.2232832356807257
7.550000000000001,-0.3489667319044198,0.44279045560832603,-0.042649487264275726,0.028511563523191157,-0.03391578855760695,0.32256112212660815,1.3332696748823147,0.6680565354349666,0.5166813941432007,0.0016882271030655678,-0.12097227140058525,-0.2230588059482251
7.6000000000000005,-0.2826097753057402,0.4757257634701259,-0.01689836161380211,0.028593041322949642,-0.03986965778572099,0.3114207972599251,1.3205163663806092,0.6492224755011572,0.5133456005608985,0.00156960250557665,-0.11718035464361899,-0.2225548414004526
7.65,-0.21696418493539454,0.5076995657775278,0.008698077285937033,0.02866926745588819,-0.04562278132586984,0.30031264914031575,1.3048269475439855,0.6296119444951955,0.5104917788640849,0.001477829644016765,-0.11294257283081177,-0.22177158590238608
7.7,-0.15217496992414623,0.5386753435525614,0.03416397791052842,0.02874127032203326,-0.05115322900632829,0.28925061716620276,1.286275434484814,0.6093170300937891,0.5081222901028707,0.0014003693848200366,-0.10827347321374767,-0.2207100095186857
7.75,-0.08838310884038592,0.5686211760489549,0.059523429405446276,0.02880944711505734,-0.05643984751287786,0.27824857480731263,1.2649489813870878,0.5884295016097402,0.5062324276709218,0.0013245169115107922,-0.1031895804060083,-0.21937178666746626
7.800000000000001,-0.025724896836556255,0.5975097150319013,0.08480011412207171,0.028873561000648605,-0.06146235813580379,0.2673202946846176,1.2409477065850567,0.5670404221126469,0.5048106480540135,0.0012376200851735657,-0.09770935126010853,-0.21775928550680987
7.8500000000000005,0.03566869632288605,0.6253181399710561,0.11001697209159984,0.02893274907851877,-0.06620145212558509,0.25647941392382906,1.214384431441914,0.5452397732147742,0.5038388171224986,0.0011272923785251117,-0.09185312439317249,-0.2158755673129886
7.9,0.09567265294204073,0.6520280948429821,0.13519587811559972,0.028985540799505213,-0.07063888341690633,0.24573939932518937,1.1853843300847855,0.5231160949884015,0.5032924681290125,0.0009816180746839427,-0.08564306545078446,-0.21372439412054361
7.95,0.1541685142943799,0.6776256073607179,0.1603573319703679,0.029029886396122397,-0.07475755853509448,0.23511351198924094,1.1540844887992319,0.5007561434019403,0.5031410679949333,0.0007893475169736553,-0.07910310919792946,-0.21131024248662109
8.0,0.2110449632150408,0.70210099156425,0.18552016206307656,0.029063194776716948,-0.07854162355312627,0.22461477115332054,1.1206333746544377,0.4782445675271659,0.5033482889447438,0.0005400802985997273,-0.0722588995091162,-0.2086383209251428
8.05,0.2661983778540293,0.725448734813661,0.21070124274362037,0.029082380230749702,-0.08197654802017089,0.21425591712199016,1.0851902137097997,0.45566360858201,0.5038722830717286,0.0002244344028936276,-0.06513772829775831,-0.20571458833816933
8.1,0.31953335209699985,0.7476673703240907,0.23591522536926945,0.029083917196937318,-0.08504920583349077,0.20404937331139997,1.0479242799356732,0.43309282263668036,0.5046659579843483,-0.00016580054207044505,-0.05776847437826663,-0.202545770657502
8.15,0.3709631782364463,0.7687593364660558,0.26117428314159064,0.029063902258873345,-0.08774795307368755,0.19400720756741943,1.0090140967568948,0.4106088285305271,0.505677252280676,-0.000637527535682536,-0.050181543193179676,-0.1991393729017984
8.200000000000001,0.42041028759072274,0.7887308241240931,0.286487869687906,0.029018122456627556,-0.09006270286802251,0.18414109305493692,0.9686465538893761,0.3882850822289962,0.5068494102163381,-0.001196225399779942,-0.042408808261710555,-0.19550368395292864
8.25,0.46780664492042767,0.8075916134594124,0.311862491343455,0.028942128940347093,-0.09198499738710132,0.17446226914578558,0.9270159428802417,0.3661916785006773,0.5081212555547172,-0.00184585199166223,-0.03448355511469646,-0.19164777155646412
8.3,0.5130940926800788,0.8253549014568532,0.3373014931052453,0.028831314945874004,-0.09350807711580135,0.16498150285032817,0.8843229154740674,0.34439518042068795,0.5094274651995397,-0.002588768172834469,-0.026440428373340496,-0.18758146534819944
8.35,0.5562246413661304,0.8420371216519188,0.3628048582732395,0.0286809970456368,-0.09462694756910642,0.15570905143827862,0.8407733696058438,0.32295847681530937,0.5106988437900619,-0.0034256828595547214,-0.01831538250460648,-0.1833153260912416
8.4,0.5971607024784032,0.8576577574292732,0.38836902186693983,0.02848649862310416,-0.09533844364663649,0.14665462697390003,0.7965772684598946,0.30194066736060005,0.5118626009668785,-0.004355619022740647,-0.010145636644157843,-0.17886059976306218
8.450000000000001,0.6358752608988012,0.8722391502594691,0.4139866980024392,0.028243234537978376,-0.09564129183524471,0.1378273635460803,0.7519473986279511,0.2813969746409336,0.5128426334698724,-0.005375900010719029,-0.001969633718221932,-0.17422915564282357
8.5,0.6723519838064353,0.8858063041957405,0.439646721532322,0.02794679599346155,-0.0955361704762304,0.12923578800260088,0.7070980739437475,0.26137868206767695,0.5135598145866589,-0.006482155053795489,0.006172996080825324,-0.16943340809792126
8.55,0.7065852635893237,0.8983866878876076,0.46533390438305333,0.027593034686921477,-0.09502576831166115,0.12088779499878305,0.6622437920603782,0.2419330961583797,0.5139322937082359,-0.0076683422928654574,0.014241467602855669,-0.1644862223353493
8.6,0.7385801925767852,0.9100100352832147,0.4910289071652422,0.027178145420720924,-0.0941148415122588,0.11279062714322276,0.6175978512642043,0.22310353128679966,0.5138758088480754,-0.00892678717563311,0.022193869176506082,-0.1594008049481536
8.65,0.7683524678002666,0.9207081460883081,0.5167081267740226,0.02669874646941059,-0.09281026936665732,0.10495086096809572,0.5733709353784958,0.20492931463673644,0.5133040149237058,-0.010248233604941382,0.029987187735520813,-0.15419058063058944
8.700000000000001,0.7959282243900305,0.9305146869272547,0.542343600831557,0.026151957140399827,-0.0911211087781189,0.09737439937003818,0.5297696748935614,0.18744580872988736,0.5121288303714027,-0.011621904825734962,0.037577331421611015,-0.1488690569402025
8.75,0.8213437966269034,0.9394649940112471,0.5679029299425148,0.02553547212403835,-0.08905864766974098,0.09006647106219864,0.48699519265931174,0.17068444855066617,0.5102608042549209,-0.013035570720695522,0.044919150678404324,-0.1434496794364229
8.8,0.8446454060876818,0.9475958779616254,0.593349218827123,0.024847632401223604,-0.0866364573427908,0.08303163745165067,0.4452416425819381,0.15467278995917294,0.5076095054334492,-0.014475617967892105,0.051966459076491306,-0.13794567991280055
8.85,0.8658887767449363,0.9549454312628195,0.6186410374557577,0.024087492656809786,-0.08387044376533806,0.07627380721231257,0.4046947497693738,0.13943456576654265,0.5040839345734369,-0.015927119412174638,0.05867205532653177,-0.13236992075776474
8.9,0.8851386773014722,0.9615528386304928,0.6437324033249805,0.02325488532917747,-0.08077889769041426,0.06979625866536555,0.3655303604617086,0.12498974554347837,0.4995929588316005,-0.017373899027098103,0.06498774813923208,-0.12673473872588917
8.950000000000001,0.9024683914508544,0.9674581903766829,0.6685727859789713,0.02235048160379697,-0.07738254341544151,0.06360166991033343,0.3279130098553967,0.11135459494132105,0.4940457679171068,-0.0187985890033038,0.07086438577065407,-0.12105179158244492
9.0,0.9179591171521185,0.9727022986356436,0.6931071347848832,0.021375849824693375,-0.07370458589894302,0.05769215647358428,0.2919945155790691,0.09854173002391625,0.48735234898162255,-0.020182675795412997,0.07625189224135831,-0.11533191120786741
9.05,0.9316992963828536,0.9773265160821861,0.7172759308094754,0.02033351194557839,-0.0697707558482439,0.05206931605954953,0.25791260410291017,0.08656016183647687,0.4794239764151667,-0.02150653239091195,0.08109931233076717,-0.10958496682937846
9.1,0.9437838771841064,0.9813725565290091,0.7410152634127437,0.019226998765436147,-0.06560935228504201,0.04673427980517148,0.22578957676676759,0.07541532617386189,0.4701737111781469,-0.022749434624892345,0.08535486751634044,-0.10381974210153665
9.15,0.9543135101272278,0.9848823165312327,0.7642569318692969,0.018060904785352192,-0.06125128198679301,0.04168776925081007,0.19573102140470883,0.0651090932553989,0.4595169028150879,-0.023889560042923304,0.08896602504343994,-0.09804382980521724
9.200000000000001,0.9633936816117618,0.9878976968555542,0.7869285719491451,0.01684094357883548,-0.056730095093577265,0.03693015805090727,0.16782457474339854,0.05563975176807278,0.4473716858163502,-0.024903968595201068,0.09187958226937715,-0.09226354799526858
9.25,0.9711337866407611,0.9904604223887005,0.8089538069377383,0.015574004582178069,-0.0520820160655851,0.03246153725399852,0.1421387398847605,0.04700196150777536,0.4336594605651775,-0.025768565308112997,0.09404176831815685,-0.08648388151942135
9.3,0.977646143913057,0.9926118587659528,0.8302524220541563,0.014268212181046527,-0.04734596907892035,0.028281782782198145,0.11872176228529614,0.039186668634612676,0.41830534777287515,-0.026458045998994987,0.09539836490604678,-0.08070845297028544
9.35,0.983044956220542,0.9943928236965619,0.8507405606420427,0.012932987892436647,-0.04256359686063793,0.02439062353245204,0.09760056675973622,0.032180977370712904,0.40123860410632567,-0.026945828044980573,0.09589484794902438,-0.07493952732855155
9.4,0.9874452192444342,0.9958433906504304,0.8703309398679194,0.011579116317003589,-0.03777927189146906,0.02078770830269606,0.07877975721864537,0.025967971818127388,0.38239298568606994,-0.02720396914969371,0.09547655123997673,-0.06917805481167526
9.450000000000001,0.9909615819126186,0.9970026822516732,0.8889330829752726,0.010218815367331333,-0.0330400988502346,0.01747266951271436,0.06224068015885946,0.02052648147404874,0.3617070453096072,-0.027203077926761826,0.09408885308716279,-0.06342375675215826
9.5,0.9937071615184911,0.9979086504025307,0.9064535644209373,0.008865811067141866,-0.028395907141073918,0.014445181439659243,0.047940552428349346,0.015830783988028334,0.33912434865468166,-0.02691222088254948,0.09167738633947486,-0.05767525967634244
9.55,0.9957923168216684,0.9985978398395104,0.9227962634742688,0.007535416971932692,-0.02389923233664399,0.011705010420692784,0.035811653552088436,0.011850238762357959,0.31459359435287276,-0.02629883096804697,0.08818827169505251,-0.051930283110278384
9.600000000000001,0.9973233823672554,0.9991051315076429,0.9378626211012223,0.0062446179937097135,-0.019605285390278945,0.00925205419055566,0.025760583000760087,0.008548845167541765,0.28806862269676997,-0.02532862320665052,0.08356837360763002,-0.04618588696421188
9.65,0.9984013672911713,0.9994634618347851,0.9515518941964267,0.0050121581360067355,-0.015571908520079046,0.00708636722281203,0.017667583272692206,0.005884719459203398,0.25950829784738605,-0.02396552290484298,0.07776557748274283,-0.04043878459183954
9.700000000000001,0.9991206219453203,0.9997035137039956,0.9637614004778006,0.003858631379458077,-0.011859516749622082,0.005208168635494832,0.01138593059461137,0.003809484974231225,0.22887624872803594,-0.02217161152051869,0.07072908620982883,-0.03468572772770545
9.75,0.999567475801461,0.9998533746679027,0.9743867466305434,0.0028065747270356128,-0.008531024204177663,0.0036178289132481043,0.0067413964673418035,0.0022675708894608912,0.1961404543083556,-0.019907094294732093,0.06240973342530228,-0.028923969416570276
9.8,0.9998188503012241,0.9999381577363651,0.9833220315898427,0.001880562251228696,-0.005651754407675479,0.002315831400065596,0.0035317852072713173,0.001195415785613057,0.1612726596788464,-0.017130292138356366,0.05276031026682792,-0.023151810708088933
9.850000000000001,0.9999408506369213,0.999979579911309,0.9904600161929581,0.0011072989179151352,-0.003289334002874312,0.0013027042429505473,0.0015265550571704413,0.0005205735141268181,0.12424761017843791,-0.013797657897826368,0.041735901782235595,-0.017369236260119235
9.9,0.9999873408976285,0.9999954935562143,0.9956922498195915,0.0005157130336324544,-0.0015135695227488284,0.0005789182321086475,0.00046653332495241474,0.00016072045648587275,0.08504209186106886,-0.009863813904089974,0.02929422861941264,-0.011578643065142868
9.950000000000001,0.9999985076189014,0.9999993656901258,0.9989091440829466,0.00013704641920949255,-0.00039630707156575217,0.00014474580184758716,6.373928626952305e-05,2.2565233653397288e-05,0.04363376778344659,-0.005281603552398091,0.015395989165870485,-0.005785665323318062
10.0,0.9999994175493716,0.999999700406922,0.9999999831419664,4.941901664128864e-06,-1.1275025061257963e-05,7.63389961242822e-08,1.3321486513869288e-06,6.643005600343523e-07,-1.9900407068746196e-07,-2.144507855712357e-06,5.196944899424935e-06,-9.713484351827676e-08
